{"cameraMode":{"drawMode":0,"name":"Shaded","section":"Shading Mode"},"sceneLighting":false,"audioPlay":false,"sceneViewState":{"m_AlwaysRefresh":false,"showFog":true,"showSkybox":false,"showFlares":true,"showImageEffects":true,"showParticleSystems":true,"showVisualEffectGraphs":true,"m_FxEnabled":true},"in2DMode":false,"pivot":{"x":0.562315821647644,"y":0.2658500075340271,"z":11.661059379577637},"rotation":{"x":0.05537646636366844,"y":-0.9398238062858582,"z":0.28241032361984255,"w":0.18445518612861634},"size":0.16157615184783936,"orthographic":false}