{"cameraMode":{"drawMode":0,"name":"Shaded","section":"Shading Mode"},"sceneLighting":false,"audioPlay":false,"sceneViewState":{"m_AlwaysRefresh":false,"showFog":true,"showSkybox":false,"showFlares":true,"showImageEffects":true,"showParticleSystems":true,"showVisualEffectGraphs":true,"m_FxEnabled":true},"in2DMode":false,"pivot":{"x":0.017101729288697244,"y":0.20990848541259767,"z":0.2212335616350174},"rotation":{"x":0.006330238189548254,"y":-0.986528217792511,"z":0.15912149846553803,"w":0.04178634285926819},"size":0.08223841339349747,"orthographic":false}