{"cameraMode":{"drawMode":0,"name":"Shaded","section":"Shading Mode"},"sceneLighting":false,"audioPlay":false,"sceneViewState":{"m_AlwaysRefresh":false,"showFog":true,"showSkybox":false,"showFlares":true,"showImageEffects":true,"showParticleSystems":true,"showVisualEffectGraphs":true,"m_FxEnabled":true},"in2DMode":false,"pivot":{"x":0.03855140879750252,"y":-0.023163365200161935,"z":0.034286752343177798},"rotation":{"x":-0.08401025831699372,"y":-0.768535852432251,"z":0.10250522196292877,"w":-0.6261834502220154},"size":0.08660253882408142,"orthographic":false}