{"cameraMode":{"drawMode":0,"name":"Shaded","section":"Shading Mode"},"sceneLighting":false,"audioPlay":false,"sceneViewState":{"m_AlwaysRefresh":false,"showFog":true,"showSkybox":false,"showFlares":true,"showImageEffects":true,"showParticleSystems":true,"showVisualEffectGraphs":true,"m_FxEnabled":true},"in2DMode":false,"pivot":{"x":-0.03767716884613037,"y":0.8717849254608154,"z":10.532093048095704},"rotation":{"x":0.20208485424518586,"y":-0.7349240183830261,"z":0.24900735914707185,"w":0.5978160500526428},"size":0.5454810857772827,"orthographic":false}