{"cameraMode":{"drawMode":0,"name":"Shaded","section":"Shading Mode"},"sceneLighting":false,"audioPlay":false,"sceneViewState":{"m_AlwaysRefresh":false,"showFog":true,"showSkybox":false,"showFlares":true,"showImageEffects":true,"showParticleSystems":true,"showVisualEffectGraphs":true,"m_FxEnabled":true},"in2DMode":false,"pivot":{"x":-0.04497599974274635,"y":0.05400000140070915,"z":10.17199993133545},"rotation":{"x":0.004334651865065098,"y":0.9735800623893738,"z":-0.019944339990615846,"w":0.22874708473682404},"size":0.035599760711193088,"orthographic":false}