{"cameraMode":{"drawMode":0,"name":"Shaded","section":"Shading Mode"},"sceneLighting":false,"audioPlay":false,"sceneViewState":{"m_AlwaysRefresh":false,"showFog":true,"showSkybox":false,"showFlares":true,"showImageEffects":true,"showParticleSystems":true,"showVisualEffectGraphs":true,"m_FxEnabled":true},"in2DMode":false,"pivot":{"x":-0.03423421084880829,"y":0.9335348606109619,"z":10.519396781921387},"rotation":{"x":-0.0006345033762045205,"y":-0.9997705221176148,"z":0.020395856350660325,"w":-0.01922757364809513},"size":0.8660253882408142,"orthographic":false}