{"cameraMode":{"drawMode":0,"name":"Shaded","section":"Shading Mode"},"sceneLighting":false,"audioPlay":false,"sceneViewState":{"m_AlwaysRefresh":false,"showFog":true,"showSkybox":false,"showFlares":true,"showImageEffects":true,"showParticleSystems":true,"showVisualEffectGraphs":true,"m_FxEnabled":true},"in2DMode":false,"pivot":{"x":0.002401098608970642,"y":0.03344200551509857,"z":10.283774375915528},"rotation":{"x":0.004334651865065098,"y":0.9735800623893738,"z":-0.019944339990615846,"w":0.22874708473682404},"size":0.3251260221004486,"orthographic":false}