{"cameraMode":{"drawMode":0,"name":"Shaded","section":"Shading Mode"},"sceneLighting":true,"audioPlay":false,"sceneViewState":{"m_AlwaysRefresh":false,"showFog":true,"showSkybox":false,"showFlares":true,"showImageEffects":true,"showParticleSystems":true,"showVisualEffectGraphs":true,"m_FxEnabled":true},"in2DMode":false,"pivot":{"x":0.04524511098861694,"y":-0.18984997272491456,"z":-0.5785716772079468},"rotation":{"x":0.04750737547874451,"y":0.9339100122451782,"z":-0.13551639020442964,"w":0.3274262249469757},"size":0.6062177419662476,"orthographic":false}