{"cameraMode":{"drawMode":0,"name":"Shaded","section":"Shading Mode"},"sceneLighting":false,"audioPlay":false,"sceneViewState":{"m_AlwaysRefresh":false,"showFog":true,"showSkybox":false,"showFlares":true,"showImageEffects":true,"showParticleSystems":true,"showVisualEffectGraphs":true,"m_FxEnabled":true},"in2DMode":false,"pivot":{"x":0.11652398854494095,"y":-0.031287647783756259,"z":0.06127694249153137},"rotation":{"x":0.12149322032928467,"y":0.1864968240261078,"z":-0.022767355665564538,"w":0.9748308658599854},"size":0.09526292979717255,"orthographic":false}