{"cameraMode":{"drawMode":0,"name":"Shaded","section":"Shading Mode"},"sceneLighting":true,"audioPlay":false,"sceneViewState":{"m_AlwaysRefresh":false,"showFog":true,"showSkybox":true,"showFlares":true,"showImageEffects":true,"showParticleSystems":true,"showVisualEffectGraphs":true,"m_FxEnabled":true},"in2DMode":false,"pivot":{"x":0.22030526399612428,"y":0.6435456871986389,"z":9.183284759521485},"rotation":{"x":-0.06560753285884857,"y":-0.7763041257858276,"z":0.08292395621538162,"w":-0.6219157576560974},"size":0.9255794882774353,"orthographic":false}