{"cameraMode":{"drawMode":0,"name":"Shaded","section":"Shading Mode"},"sceneLighting":true,"audioPlay":false,"sceneViewState":{"m_AlwaysRefresh":false,"showFog":true,"showSkybox":true,"showFlares":true,"showImageEffects":true,"showParticleSystems":true,"showVisualEffectGraphs":true,"m_FxEnabled":true},"in2DMode":false,"pivot":{"x":-0.15224799513816834,"y":0.9503037333488464,"z":9.791871070861817},"rotation":{"x":0.002617697464302182,"y":-0.9790235757827759,"z":0.20498649775981904,"w":0.009816001169383526},"size":0.6656821966171265,"orthographic":false}