{"cameraMode":{"drawMode":0,"name":"Shaded","section":"Shading Mode"},"sceneLighting":true,"audioPlay":false,"sceneViewState":{"m_AlwaysRefresh":false,"showFog":true,"showSkybox":true,"showFlares":true,"showImageEffects":true,"showParticleSystems":true,"showVisualEffectGraphs":true,"m_FxEnabled":true},"in2DMode":false,"pivot":{"x":0.03886948525905609,"y":-1.2956258058547974,"z":8.011348724365235},"rotation":{"x":-0.04803009331226349,"y":0.9359630346298218,"z":-0.3199688494205475,"w":-0.14054718613624574},"size":0.024908438324928285,"orthographic":false}