{"cameraMode":{"drawMode":0,"name":"Shaded","section":"Shading Mode"},"sceneLighting":true,"audioPlay":false,"sceneViewState":{"m_AlwaysRefresh":false,"showFog":true,"showSkybox":true,"showFlares":true,"showImageEffects":true,"showParticleSystems":true,"showVisualEffectGraphs":true,"m_FxEnabled":true},"in2DMode":false,"pivot":{"x":0.01740306057035923,"y":0.8996049761772156,"z":11.22340202331543},"rotation":{"x":0.0008873287588357925,"y":-0.996498167514801,"z":-0.08450599014759064,"w":-0.013208549469709397},"size":0.12171393632888794,"orthographic":false}