{"cameraMode":{"drawMode":0,"name":"Shaded","section":"Shading Mode"},"sceneLighting":false,"audioPlay":false,"sceneViewState":{"m_AlwaysRefresh":false,"showFog":true,"showSkybox":false,"showFlares":true,"showImageEffects":true,"showParticleSystems":true,"showVisualEffectGraphs":true,"m_FxEnabled":true},"in2DMode":false,"pivot":{"x":0.025696616619825364,"y":0.5682660341262817,"z":0.590022623538971},"rotation":{"x":0.0015075088012963534,"y":-0.9740453958511353,"z":0.22694049775600434,"w":0.007622851524502039},"size":0.3945462107658386,"orthographic":false}